premise_type,premise_age_bucketed,mean,std,count,label,scaling
2 storeys terraces with t rear extension,Pre 1919,135.71667049613768,69.05898165691214,216328,2 storeys terraces with t rear extension - Pre 1919,0.7368291576446083
2 storeys terraces with t rear extension,1919-1944,133.37169341926534,46.11989911475072,3680,2 storeys terraces with t rear extension - 1919-1944,0.7497842865775232
Large detached,Pre 1919,223.1652675928999,187.77026457213336,30916,Large detached - Pre 1919,0.44809840293974823
Large detached,1919-1944,216.80850856055847,141.50560058201987,8047,Large detached - 1919-1944,0.4612365107989672
Large detached,1945-1959,229.86642024913502,135.2589373289118,11804,Large detached - 1945-1959,0.4350352691429113
Large detached,1960-1979,235.52738622321127,113.42637715604914,17743,Large detached - 1960-1979,0.4245790759348434
Large detached,1980-1989,230.6988492214126,110.68176251523535,9178,Large detached - 1980-1989,0.4334655345594085
Large detached,1990-1999,228.67922994863176,192.8564186496553,12801,Large detached - 1990-1999,0.4372937586962446
Large detached,Post 1999,267.8087225963939,220.38841120319304,23796,Large detached - Post 1999,0.3734008326185359
Large semi detached,Pre 1919,158.7875446944379,150.22492828212444,14617,Large semi detached - Pre 1919,0.6297723174222168
Large semi detached,1919-1944,155.58842087648983,85.79096180281111,3044,Large semi detached - 1919-1944,0.6427213505777697
Large semi detached,1945-1959,162.54405781271367,97.08723640661798,2079,Large semi detached - 1945-1959,0.6152178144538626
Large semi detached,Post 1999,315.07328999609905,1564.8881967103132,2089,Large semi detached - Post 1999,0.31738647221171334
Linked and step linked premises,1945-1959,135.86590564642276,83.54908523070796,6935,Linked and step linked premises - 1945-1959,0.7360198242835098
Linked and step linked premises,1960-1979,137.79002806760687,68.49300508992553,49391,Linked and step linked premises - 1960-1979,0.7257419234353799
Linked and step linked premises,1980-1989,157.55245838109428,110.14713284955967,10300,Linked and step linked premises - 1980-1989,0.6347092328963598
Linked and step linked premises,1990-1999,149.64430143632055,79.36280362698098,12060,Linked and step linked premises - 1990-1999,0.6682513068668631
Linked and step linked premises,Post 1999,169.30048884520758,205.54666785236725,12274,Linked and step linked premises - Post 1999,0.5906657487057263
Planned balanced mixed estates,1945-1959,150.6887758352537,87.1349982849315,7983,Planned balanced mixed estates - 1945-1959,0.6636194331376668
Planned balanced mixed estates,1960-1979,159.4991485819649,97.90774414691528,12043,Planned balanced mixed estates - 1960-1979,0.6269625944028854
Planned balanced mixed estates,1980-1989,167.95363909146587,130.62635762176512,5319,Planned balanced mixed estates - 1980-1989,0.5954024011682235
Planned balanced mixed estates,1990-1999,157.74622058551282,85.87337815309448,7982,Planned balanced mixed estates - 1990-1999,0.6339296093993637
Planned balanced mixed estates,Post 1999,189.37399916654672,186.25988933832167,6654,Planned balanced mixed estates - Post 1999,0.5280555960169276
Semi type house in multiples,Pre 1919,145.5426725238197,108.11298842945291,26291,Semi type house in multiples - Pre 1919,0.6870837141157613
Semi type house in multiples,1919-1944,134.32068168409108,38.18604082934636,150250,Semi type house in multiples - 1919-1944,0.7444869899870675
Semi type house in multiples,1945-1959,136.9702741680917,43.4054457440335,81997,Semi type house in multiples - 1945-1959,0.7300854189521349
Semi type house in multiples,1960-1979,135.88028802925717,62.06393954096966,35616,Semi type house in multiples - 1960-1979,0.7359419195407388
Semi type house in multiples,1980-1989,153.55342627903065,105.12695420075997,6127,Semi type house in multiples - 1980-1989,0.6512391317031528
Semi type house in multiples,1990-1999,144.03714357140313,59.11529352460071,12562,Semi type house in multiples - 1990-1999,0.6942653646170599
Semi type house in multiples,Post 1999,158.3567586950262,175.77441095213013,15473,Semi type house in multiples - Post 1999,0.6314855193050934
Small low terraces,Pre 1919,157.6468587079482,173.6473369699192,369783,Small low terraces - Pre 1919,0.6343291634199764
Small low terraces,1919-1944,166.3378696810253,145.93099787269267,90314,Small low terraces - 1919-1944,0.6011860088851873
Small low terraces,1945-1959,183.7764711400603,187.180626732682,91502,Small low terraces - 1945-1959,0.5441392980268278
Small low terraces,1960-1979,160.91253579274874,146.60332761551447,161170,Small low terraces - 1960-1979,0.6214556218839126
Small low terraces,1980-1989,215.50946814913286,216.9575260910527,28655,Small low terraces - 1980-1989,0.46401673605727545
Small low terraces,1990-1999,198.921725992641,197.2023408840342,41353,Small low terraces - 1990-1999,0.5027102972336941
Small low terraces,Post 1999,288.11474089736527,355.0000391395936,63689,Small low terraces - Post 1999,0.3470839419341715
Standard size detached,Pre 1919,151.16179944877135,71.52776305096688,119198,Standard size detached - Pre 1919,0.6615427996005694
Standard size detached,1919-1944,169.343609039981,71.82600058523174,117420,Standard size detached - 1919-1944,0.5905153466783066
Standard size detached,1945-1959,186.09828138326472,77.96634018426981,118623,Standard size detached - 1945-1959,0.5373504755481998
Standard size detached,1960-1979,184.4076610262896,75.38297065701767,252201,Standard size detached - 1960-1979,0.5422768199730258
Standard size detached,1980-1989,170.87784709332664,64.35176685648662,90451,Standard size detached - 1980-1989,0.5852133655767796
Standard size detached,1990-1999,162.68860870642172,59.3410560377681,117699,Standard size detached - 1990-1999,0.6146711856172679
Standard size detached,Post 1999,157.44121360166082,104.80835394877079,165310,Standard size detached - Post 1999,0.635157705612002
Standard size semi detached,Pre 1919,175.72753817777104,117.58563676272536,121099,Standard size semi detached - Pre 1919,0.5690627720445108
Standard size semi detached,1919-1944,150.92801523521496,62.150214943183144,410703,Standard size semi detached - 1919-1944,0.662567515011406
Standard size semi detached,1945-1959,162.55758307177177,76.21316168857659,324816,Standard size semi detached - 1945-1959,0.6151666265599458
Standard size semi detached,1960-1979,172.00936055842112,87.04242041608876,203167,Standard size semi detached - 1960-1979,0.5813637099478437
Standard size semi detached,1980-1989,186.87996977515124,101.06212350738703,40798,Standard size semi detached - 1980-1989,0.5351028262703446
Standard size semi detached,1990-1999,176.39858279479196,97.30547101442158,60559,Standard size semi detached - 1990-1999,0.5668979785190906
Standard size semi detached,Post 1999,218.00891080716164,329.98367274645716,84092,Standard size semi detached - Post 1999,0.45869684697638047
